rank,kmer,real_frequency,threshold_used,total_kmers,phi_value,kmer_length
1,GGGCCATGGATGGCCCGAGTCGAAGTGCACA,22,17,2850647,6.0e-06,31
2,AGGGCCATGGATGGCCCGAGTCGAAGTGCAC,22,17,2850647,6.0e-06,31
3,GAGGGCCATGGATGGCCCGAGTCGAAGTGCA,21,17,2850647,6.0e-06,31
4,GCACTTCGACTCGGGCCATCCATGGCCCTCA,21,17,2850647,6.0e-06,31
5,CACTTCGACTCGGGCCATCCATGGCCCTCAC,21,17,2850647,6.0e-06,31
6,ACTTCGACTCGGGCCATCCATGGCCCTCACA,19,17,2850647,6.0e-06,31
7,ACTCGGGCCATCCATGGCCCTCACACGTCCC,18,17,2850647,6.0e-06,31
8,CGTGTGAGGGCCATGGATGGCCCGAGTCGAA,18,17,2850647,6.0e-06,31
9,CTTCGACTCGGGCCATCCATGGCCCTCACAC,18,17,2850647,6.0e-06,31
10,CGACTCGGGCCATCCATGGCCCTCACACGTC,18,17,2850647,6.0e-06,31
11,GACTCGGGCCATCCATGGCCCTCACACGTCC,18,17,2850647,6.0e-06,31
12,ACGTGTGAGGGCCATGGATGGCCCGAGTCGA,18,17,2850647,6.0e-06,31
13,ATGGCCCGAGTCGAAGTGCACACGGATGTGC,17,17,2850647,6.0e-06,31
14,CACATCCGTGTGCACTTCGACTCGGGCCATC,17,17,2850647,6.0e-06,31
15,CGCACATCCGTGTGCACTTCGACTCGGGCCA,17,17,2850647,6.0e-06,31
